date,temp_avg,temp_min,temp_max,temp_observ,precip,wind,wt_fog,wt_heavy_fog,wt_thunder,wt_sleet,wt_hail,wt_glaze,wt_haze,wt_drift_snow,wt_high_wind,wt_mist,wt_drizzle,wt_rain,wt_freeze_rain,wt_snow,wt_ground_fog,wt_ice_fog,wt_freeze_drizzle,wt_unknown,casual,registered,total_cust,holiday
2011-01-01,,-1.56666666666667,11.9733333333333,2.77272727272727,0.0693333333333333,2.575,1,,,,,,1,,,1,,1,,,,,,,330,629,959,
2011-01-02,,0.88,13.8066666666667,7.32727272727273,1.03734939759036,3.925,1,1,,,,,,,,1,1,1,,,,,,,130,651,781,
2011-01-03,,-3.44285714285714,7.46428571428571,-3.06,1.87882352941177,3.625,,,,,,,,,,,,,,,,,,,120,1181,1301,
2011-01-04,,-5.95714285714286,4.64285714285714,-3.1,0,1.8,,,,,,,,,,,,,,,,,,,107,1429,1536,
2011-01-05,,-4.29333333333333,6.11333333333333,-1.77272727272727,0,2.95,,,,,,,,,,,,,,,,,,,82,1489,1571,
2011-01-06,,-4.99333333333333,4.23333333333333,-4.24545454545455,0,1.6,,,,,,,,,,,,,,1,,,,,88,1485,1573,
2011-01-07,,-3.88571428571429,2.85714285714286,-1.57,0.101204819277108,2.55,1,,,,,,1,,,1,,,,1,,,,,148,1345,1493,
2011-01-08,,-3.98,0.486666666666667,-2.47272727272727,0.285057471264368,4.575,1,1,,,,,1,,,1,,,,1,,1,,,68,871,939,
2011-01-09,,-6.29333333333333,0.226666666666667,-6.07272727272727,0.283529411764706,6.425,,,,,,,,,1,,,,,,,,,,54,748,802,
2011-01-10,,-6.23846153846154,0.507692307692308,-5.17777777777778,0,2.975,,,,,,,,,1,,,,,,,,,,41,1257,1298,
2011-01-11,,-5.91428571428571,0.564285714285714,-3.1,0.460240963855422,1.35,1,,,1,,,1,,,,1,1,,1,,1,1,,43,1188,1231,
2011-01-12,,-5.11428571428572,0.192857142857143,-3.38,3.52688172043011,5.675,1,,,,,1,1,,,1,,,,,,,,,25,1116,1141,
2011-01-13,,-4.6,1.03571428571429,-4.16,0,5.025,,,,,,,,,1,,,,,,,,,,37,1346,1383,
2011-01-14,,-7.34285714285714,1.16153846153846,-5.83,0.00379746835443038,2.125,1,,,,,,,,,,,,,1,,,,,54,1330,1384,
2011-01-15,,-5.66,2.78,-3.94545454545455,0,2.2,1,,,,,,1,,,,,,,,,,,,222,1018,1240,
2011-01-16,,-4.08,5.62666666666667,0.409090909090909,0,3.3,,,,,,,,,,,,,,,,,,,251,937,1188,
2011-01-17,,-3.37142857142857,2.18571428571429,-2.12,0.42051282051282,3.1,1,,,1,,,,,,,,1,1,1,,,,,117,876,993,1
2011-01-18,,-3.24285714285714,0.485714285714286,-1.77,10.5415730337079,3.25,1,1,,1,,1,1,,,,1,1,1,,,,,,9,663,672,
2011-01-19,,-1.06153846153846,4.8,1.12222222222222,0.884523809523809,3.275,1,1,,,,,1,,,1,1,1,,,,,,,78,1553,1631,
2011-01-20,,-1.10714285714286,8.06428571428571,-0.44,0.0402597402597403,3.275,,,,,,,1,,,,,1,,1,,,,,81,1815,1896,
2011-01-21,,-3.41333333333333,4.52857142857143,-1.47272727272727,0.831818181818181,6.125,1,,,,,,,,,1,,1,,1,,,,,73,1449,1522,
2011-01-22,,-10.2133333333333,-0.513333333333333,-9.59090909090909,0,2.375,,,,,,,,,,,,,,,,,,,93,876,969,
2011-01-23,,-11,-3.1,-8.07272727272727,0,3.625,,,,,,,,,,,,,,1,,,,,150,827,977,
2011-01-24,,-12.5466666666667,-1.7,-11.8727272727273,0,2.55,,,,,,,,,,,,,,,,,,,86,1319,1405,
2011-01-25,,-9.40666666666667,1.36666666666667,-2.08181818181818,0,1.575,,,,,,,,,,,,,,,,,,,186,1785,1971,
2011-01-26,,-1.78571428571429,5.48571428571429,0.5,9.01625,5.075,1,1,1,1,1,,1,,,,1,,,1,,,,,34,466,500,
2011-01-27,,-1.78,1.70666666666667,-1.31818181818182,29.5291139240506,3.2,1,,1,1,,1,,,,1,,,,1,,,,,15,409,424,
2011-01-28,,-2.80666666666667,1.86,-1.86363636363636,0.134177215189873,1.675,1,,,,,1,1,,,1,,,,1,,1,,,38,1113,1151,
2011-01-29,,-5.23571428571429,1.78571428571429,-4.22,1.44,1.875,1,,,,,,1,,,1,,,,1,,,,,123,947,1070,
2011-01-30,,-6.34285714285714,3.66428571428571,-4.6,0,1.2,1,,,,,,1,,,1,,,,,1,1,,,140,944,1084,
2011-01-31,,-4.90714285714286,4.18571428571429,-2.94,0,2.675,,,,1,,,,,,,,1,,1,,,,,42,1376,1418,
2011-02-01,,-3.08666666666667,0.0733333333333334,-3.08181818181818,0.49746835443038,1.2,1,1,,,,1,1,,,,1,1,,,,,1,,47,1284,1331,
2011-02-02,,-1.67333333333333,4.85333333333333,0.718181818181818,18.6806818181818,4.65,1,1,,,,1,,,,1,1,1,,,,,,,72,1430,1502,
2011-02-03,,-3.48,6.34,-2.47272727272727,0.384810126582279,4.2,1,,,,,,,,,,,,,,,,,,61,1473,1534,
2011-02-04,,-5.22,3.12,-3.28181818181818,0,1.875,,,,,,,,,,,,,,,,,,,88,1603,1691,
2011-02-05,,-2.3,4.69333333333333,0.972727272727273,1.99230769230769,2.4,1,1,,,,,,,,1,1,1,,,,,,,100,892,992,
2011-02-06,,-0.133333333333333,6.26,1.92727272727273,2.756,2.725,1,,,,,,1,,,,,,,,,,,,354,1249,1603,
2011-02-07,,-3.02,8.14666666666667,-1.72,0,0.975,1,,,,,,1,,,1,,1,,,,,,,119,1568,1687,
2011-02-08,,-3.51333333333333,7.32666666666667,1.20909090909091,0.209411764705882,6.525,1,,,,,,1,,1,1,,1,,,,,,,64,1446,1510,
2011-02-09,,-8.16666666666667,2.23333333333333,-6.1,0.00379746835443038,2.975,1,,,1,1,,1,,1,1,,,,1,,,,,52,1540,1592,
2011-02-10,,-7.06,0.46,-5.20909090909091,0.531111111111111,3.65,1,,,,,,1,,,,,,,1,,,,,46,1474,1520,
2011-02-11,,-9.44666666666667,2.60666666666667,-7.79090909090909,0.124390243902439,1.425,1,,,,,,1,,,,,,,,,,,,148,1576,1724,
2011-02-12,,-7.85333333333333,6.78666666666667,-3.22727272727273,0,3.55,1,,,,,,1,,,,,,,,,,,,288,1167,1455,
2011-02-13,,-3.58666666666667,9.11333333333334,2.48181818181818,0,3.825,,,,,,,,,,,,,,,,,,,396,1162,1558,
2011-02-14,,2.30666666666667,14.9133333333333,7.87272727272727,0,7.5,,,,,,,,,,,,,,,,,,,207,1685,1892,
2011-02-15,,-1.33333333333333,14.5933333333333,-0.409090909090909,0,4.425,,,,,,,,,1,,,,,,,,,,139,1641,1780,
2011-02-16,,-3.05333333333333,9.88,1.07272727272727,0,3.475,,,,,,,1,,,,,,,,,,,,218,1861,2079,
2011-02-17,,1.48666666666667,16.8066666666667,6.81818181818182,0,3.4,,,,,,,,,,,,,,,,,,,258,2185,2443,
2011-02-18,,6.86,22.48,12.8909090909091,0,5,1,,,,,,,,,,,,,,,,,,578,2314,2892,
2011-02-19,,6.08,20.1533333333333,7.71818181818182,0.0102564102564103,10.075,,,,,,,1,,1,,,,,,,,,,532,1077,1609,
2011-02-20,,-1.2,11.56,0.5,0.0679487179487179,3.65,1,,,,,,,,1,1,,1,,1,,,,,639,1148,1787,
2011-02-21,,-1,8.85333333333333,5.80909090909091,0.874117647058823,4.25,1,,,1,,,1,,,,1,1,1,1,,,,,195,898,1093,1
2011-02-22,,-4.8,5.63333333333333,-4.38181818181818,9.05494505494506,3.2,1,1,,1,,1,,,,1,1,,,1,,,,,74,1358,1432,
2011-02-23,,-6.22857142857143,3.45714285714286,-4.16,0.145569620253165,1.15,,,,,,,,,,,,,,,,,,,139,1740,1879,
2011-02-24,,-4.48,8.56666666666667,-0.245454545454545,0.18625,3.2,1,,,,,,1,,,1,1,1,,,,,,,100,1686,1786,
2011-02-25,,-0.253333333333333,14.1066666666667,6.76363636363636,7.36263736263736,6.425,1,,1,,1,,,,1,1,1,1,,,,,,,120,1323,1443,
2011-02-26,,-0.0266666666666668,13.2933333333333,1.16363636363636,2.74512195121951,2.975,,,,,,,,,1,,,,,,,,,,424,1519,1943,
2011-02-27,,0.22,11.6357142857143,3.52727272727273,0.00684931506849315,2,1,,,,,,1,,,,,1,,,,,,,694,1677,2371,
2011-02-28,,3.13571428571429,18.0214285714286,10.35,6.12359550561798,4.175,1,,1,,,,1,,,1,,1,,,,,,,80,1350,1430,
2011-03-01,,-0.166666666666667,16.6666666666667,1.07272727272727,11.1797752808989,3.325,,,,,,,,,1,,,,,,,,,,137,1695,1832,
2011-03-02,,-0.3,12.5866666666667,1.87272727272727,0.0038961038961039,5.3,,,,,,,,,,,,,,,,,,,231,1878,2109,
2011-03-03,,-3.99333333333333,11.82,-3.1,0,3.325,,,,,,,1,,,,,,,,,,,,123,1536,1659,
2011-03-04,,-3.06,7.14666666666667,-0.345454545454545,0,3.675,,,,,,,,,,,,,,,,,,,214,1709,1923,
2011-03-05,,0.826666666666667,12.3,7.73636363636364,0.0418918918918919,4.4,1,,,,,,,,,1,1,,,,,,,,640,1414,2054,
2011-03-06,,4.36923076923077,16.1076923076923,10.9111111111111,7.59761904761905,5.85,1,,,,,,,,,1,1,1,,1,,,,,113,469,582,
2011-03-07,,0.886666666666667,12.6571428571429,1.92727272727273,32.8934782608696,5.975,1,,,1,,,,,1,1,1,1,,1,,,,,243,1599,1842,
2011-03-08,,-2.32666666666667,9.66,0.2,0.0106666666666667,1.925,,,,,,,,,,,,,,,,,,,316,1781,2097,
2011-03-09,,-2.96059473233375E-017,9.6,3.33636363636364,0.091025641025641,4.425,1,,,,,,,,,1,,1,,,,,,,191,1677,1868,
2011-03-10,,4.40666666666667,11.7466666666667,9.26363636363636,20.9395604395604,5.5,1,,,,,,,,,1,1,1,,,,,,,46,570,616,
2011-03-11,,3.65,12.1285714285714,4.5,31.9224719101124,3.8,1,,1,,,,,,1,1,1,1,,,,,,,247,1706,1953,
2011-03-12,,1.22,11.8,4.4,0.026027397260274,3.275,,,,,,,,,,,,,,,,,,,724,1380,2104,
2011-03-13,,2.45333333333333,14.92,6.14545454545455,0.00410958904109589,4.225,,,,,,,,,,,,,,,,,,,979,1396,2375,
2011-03-14,,-0.453333333333333,13.26,1.71818181818182,0.0105263157894737,2.2,,,,,,,1,,,,,,,,,,,,359,1673,2032,
2011-03-15,,-0.0733333333333333,10.8133333333333,2.57272727272727,0.624358974358974,2.95,1,,,,,,1,,,1,,1,,,,,,,288,1736,2024,
2011-03-16,,2.96666666666667,11.9266666666667,6.57272727272727,15.0677419354839,3.275,1,,,1,,,1,,,1,1,1,,,,,,,321,1851,2172,
2011-03-17,,4.66666666666667,15.5733333333333,7.82727272727273,0.0181818181818182,3.225,,,,,,,,,,,,,,,,,,,423,2295,2718,
2011-03-18,,7.10666666666667,21.9533333333333,14.1,0,3.525,,,,,,,,,,,,,,,,,,,883,2311,3194,
2011-03-19,,9.36153846153846,23.5714285714286,10.8,0.0220779220779221,5.75,,,,,,,,,,,,,,,,,,,1422,1634,3056,
2011-03-20,,1.47857142857143,13.7428571428571,2.9,0.004,3.3,,,,,,,,,,,,1,,,,,,,1046,1372,2418,
2011-03-21,,3.40666666666667,15.5933333333333,8.02727272727273,4.44772727272728,3.9,1,,1,,,,1,,,1,,1,,,,,,,401,1657,2058,
2011-03-22,,6.51333333333333,20.5666666666667,10.5454545454545,3.47906976744186,3.55,1,,1,,,,1,,1,1,,1,,,,,,,460,2207,2667,
2011-03-23,,6.23571428571429,14.5214285714286,6.68,1.96741573033708,4.2,1,,1,,,,1,,,1,1,1,,,,,,,203,1898,2101,
2011-03-24,,3.26,9.3,3.88181818181818,7.92307692307692,3.825,1,,1,,,,,,,1,1,1,,,,,,,166,1678,1844,
2011-03-25,,-1.93333333333333,7.42666666666667,-0.154545454545455,0.685185185185185,3.525,,,,,,,1,,,,,,,,,,,,300,1886,2186,
2011-03-26,,-1.74666666666667,8.22,-0.118181818181818,0.00416666666666667,3.05,,,,,,,,,,,,,,,,,,,981,1477,2458,
2011-03-27,,-1.41333333333333,7.78,-0.01,0.5875,2.825,1,,,,,,1,,,1,,,,1,,,,,470,1195,1665,
2011-03-28,,-2.33333333333333,7.95333333333333,-0.4,0.10375,3.325,,,,,,,,,,,,,,,,,,,222,1782,2004,
2011-03-29,,-1.75333333333333,9.41333333333333,1.12,0,3.125,,,,,,,,,,,,,,,,,,,317,2080,2397,
2011-03-30,,0.446666666666667,9.71333333333333,3.85,0.53125,2.775,1,,,1,,,,,,1,1,1,,1,,,,,168,1351,1519,
2011-03-31,,2.11333333333333,7.62666666666667,2.83636363636364,4.42121212121213,3.15,1,,,1,,,1,,,1,1,1,,,,,,,179,1489,1668,
2011-04-01,,1.92666666666667,7.11333333333333,3.32727272727273,4.8840425531915,4.6,1,,,,,,,,,1,1,1,,,,,,,307,1885,2192,
2011-04-02,,0.66,9.89333333333334,3.69090909090909,0.474698795180723,3.325,1,,1,,1,,1,,,1,,1,,,,,,,897,1328,2225,
2011-04-03,,2.54,12.6,5.35454545454545,1.79166666666667,3.675,,,1,,1,,1,,1,,,1,,,,,,,1651,1561,3212,
2011-04-04,,5.67333333333333,20.9133333333333,14.9909090909091,0.415555555555555,5.9,,,1,,1,,,,,,,1,,,,,,,734,2345,3079,
2011-04-05,,8.78,27.3333333333333,12.6727272727273,7.41041666666667,6.325,1,,1,,,,1,,1,1,,1,,,,,,,167,1601,1768,
2011-04-06,,0.586666666666667,17.0066666666667,4.65454545454545,3.46235294117647,4.225,,,,,,,,,1,,,,,,,,,,413,2363,2776,
2011-04-07,,3.66,18.16,7.77272727272727,0,3.15,,,,,,,1,,,,,,,,,,,,570,2431,3001,
2011-04-08,,6.14666666666667,17.04,7,2.53977272727273,3.55,1,,,,,,1,,,1,,1,,,,,,,172,1282,1454,
2011-04-09,,5.36,11.52,6.51818181818182,8.6919540229885,2,1,,,,,,,,,1,1,1,,,,,,,879,1549,2428,
2011-04-10,,7.22857142857143,13.3714285714286,9.77,0.18974358974359,2.825,1,,,,,,,,,1,,,,,,,,,1188,1662,2850,
2011-04-11,,10.5866666666667,22.7733333333333,17.4818181818182,0.0148648648648649,5.25,1,,,,,,1,,,,,1,,,,,,,854,2450,3304,
2011-04-12,,13.86,26.9666666666667,16.6636363636364,1.86904761904762,5.15,1,,1,,,,,,,1,,1,,,,,,,257,1740,1997,
2011-04-13,,9.31428571428572,16.5,9.77,13.023595505618,4.13333333333333,1,,1,,,,1,,,1,1,1,,,,,,,208,1920,2128,
2011-04-14,,5.8,17.1,9.55,1.49756097560976,1.9,1,,,,,,,,,,,,,,,,,,527,2683,3210,
2011-04-15,,6.86428571428572,19.9928571428571,10.11,0.00675675675675676,4.825,,,,,,,,,,,,,,,,,,,642,2441,3083,1
2011-04-16,,8.45,18.35,10.67,3.83333333333333,6.7,1,,1,,,,,,,1,1,1,,,,,,,121,654,775,
2011-04-17,,8.05714285714286,17.9714285714286,10.11,26.3134831460674,4.8,,,1,,,,,,1,,,,,,,,,,1555,2123,3678,
2011-04-18,,8.33571428571429,21.1785714285714,12.4,0.00684931506849315,2.725,,,,,,,,,,,,,,,,,,,668,2701,3369,
2011-04-19,,11.3142857142857,22.7,14.94,0.353846153846154,2.575,1,,1,,,,1,,,,,1,,,,,,,409,2730,3139,
2011-04-20,,10.6714285714286,24.5714285714286,16.23,1.71807228915663,4.25,1,,1,,,,1,,,1,,,,,,,,,612,3286,3898,
2011-04-21,,9.57142857142857,25.4357142857143,10.9,0.00416666666666667,5.3,,,,,,,,,,,,,,,,,,,743,3249,3992,
2011-04-22,,6,15.6071428571429,6.95,1.11038961038961,4.1,1,,,,,,,,,1,1,1,,,,,,,177,1471,1648,
2011-04-23,,5.96666666666667,15.4714285714286,9.94545454545455,10.7157303370787,3.375,1,,1,,,,1,,1,1,1,1,,,,,,,1460,2510,3970,
2011-04-24,,10.7071428571429,25.35,16.99,2.20481927710843,2.775,1,,1,,1,,1,,1,,,1,,,,,,,1708,2408,4116,
2011-04-25,,15.4533333333333,29.5466666666667,20.3545454545455,10.1551724137931,3.075,1,1,1,,,,1,,,1,,1,,,1,,,,772,3249,4021,
2011-04-26,,18.58,29.52,21.1636363636364,0.00675675675675676,5.375,,,1,,,,,,,,,1,,,,,,,675,3656,4331,
2011-04-27,,19.7666666666667,28.4066666666667,20.8090909090909,0.867948717948718,5.1,1,1,1,,,,,,,,1,1,,,,,,,545,3264,3809,
2011-04-28,,18.2928571428571,27.0642857142857,22.56,6.89885057471264,4.875,1,,1,,1,,1,,1,,,1,,,,,,,568,3428,3996,
2011-04-29,,9.75,23.0642857142857,13.84,5.81168831168831,4.225,,,1,,,,,,,,,,,,,,,,877,3560,4437,
2011-04-30,,9.25333333333333,20.0714285714286,10.3181818181818,0.00447761194029851,3.175,,,,,,,,,,,,,,,,,,,1963,3251,5214,
2011-05-01,,8.59333333333333,18.34,10.8181818181818,0.208860759493671,1.275,1,,,,,,,,,,,1,,,,,,,1137,2158,3295,
2011-05-02,,10.9466666666667,19.9666666666667,15.1909090909091,0.971428571428571,3.15,,,,,,,,,,,,1,,,,,,,845,3484,4329,
2011-05-03,,14.7066666666667,26.9,18.9363636363636,0.106024096385542,4.825,1,,,,,,1,,,1,,1,,,1,,,,603,3763,4366,
2011-05-04,,7.88,24.26,8.21818181818182,12.2391304347826,5.275,1,,,,,,,,,1,,1,,,,,,,252,2343,2595,
2011-05-05,,6.75333333333333,17.9933333333333,9.65454545454545,4.65681818181819,4.65,,,1,,,,,,,,,,,,,,,,611,3727,4338,
2011-05-06,,6.21333333333334,20.7533333333333,10.3545454545455,0.354117647058824,3.25,1,,1,,,,,,,,,1,,,,,,,891,3645,4536,
2011-05-07,,8.60666666666667,22.04,12.8909090909091,1.15632183908046,2.525,1,,,,,,,,,,,1,,,,,,,1605,3011,4616,
2011-05-08,,9.92142857142857,22.6214285714286,13.32,0.0115384615384615,1.35,1,,,,,,,,,,,1,,,,,,,1400,2845,4245,
2011-05-09,,10.2133333333333,23,13.7272727272727,0.05,2.775,1,,,,,,1,,,,,,,,,,,,661,3622,4283,
2011-05-10,,9.05,23.5285714285714,14.05,0.00375,2.05,,,,,,,1,,,,,,,,,,,,691,4042,4733,
2011-05-11,,11.9266666666667,23.7733333333333,14.9272727272727,0,2.7,,,,,,,,,,,,1,,,,,,,550,3554,4104,
2011-05-12,,11.12,24.1,14.6454545454545,0,2.925,,,,,,,,,,,,,,,,,,,694,4076,4770,
2011-05-13,,13.7285714285714,21.9071428571429,15.73,0.146987951807229,3.55,1,,,,,,,,,1,1,1,,,,,,,690,3348,4038,
2011-05-14,,14.96,18.7,15.6636363636364,1.57906976744186,2.7,1,,1,,,,,,,,1,1,,,,,,,899,2453,3352,
2011-05-15,,15.7466666666667,21.3666666666667,17.6727272727273,15.0217391304348,2.375,1,1,1,,,,1,,,1,,1,,,,,,,1582,2902,4484,
2011-05-16,,15,25.0866666666667,16.9272727272727,5.95591397849463,2.275,1,,1,,,,1,,,1,,1,,,1,,,,772,3137,3909,
2011-05-17,,16.2,23.9666666666667,17.0727272727273,7.65652173913043,5.4,1,,1,,,,,,,1,,1,,,,,,,678,3389,4067,
2011-05-18,,16.5533333333333,22.2266666666667,17.6727272727273,8.49894736842105,3.125,1,,1,,,,1,,,1,1,1,,,,,,,535,3277,3812,
2011-05-19,,13.3714285714286,22.0642857142857,14.68,5.79081632653061,1.625,1,,1,,,,,,,1,,1,,,1,,,,734,3769,4503,
2011-05-20,,11.7133333333333,22.2466666666667,15.0090909090909,4.13978494623656,2.4,1,,1,,,,,,,1,,1,,,,,,,907,3937,4844,
2011-05-21,,12.6785714285714,24.0785714285714,17.12,0.07875,1.975,1,,,,,,1,,,1,,,,,,,,,2254,3477,5731,
2011-05-22,,14.78,26.7066666666667,18.5272727272727,0.0036144578313253,3.125,1,,,,,,1,,,,,1,,,,,,,1576,3020,4596,
2011-05-23,,17.4066666666667,27.6666666666667,20.4,2.08064516129032,3.75,1,,1,,,,1,,,1,,1,,,,,,,834,3390,4224,
2011-05-24,,19.75,28.92,21.89,0.660227272727273,3,1,,1,,,,1,,,1,,1,,,,,,,659,3763,4422,
2011-05-25,,17.6533333333333,29.4333333333333,21.3181818181818,1.80449438202247,2.4,1,,1,,,,,,,,,1,,,,,,,739,4178,4917,
2011-05-26,,19.44,30.8466666666667,23.2636363636364,0.00357142857142857,3.35,1,,,,,,1,,,1,,,,,,,,,757,3874,4631,
2011-05-27,,19.52,31.06,22.0181818181818,0.213414634146341,3.675,,,1,,,,1,,,,,1,,,,,,,869,3753,4622,
2011-05-28,,17.8928571428571,29.2428571428571,20.5,2.30112359550562,3.65,,,1,,,,,,,,,1,,,,,,,2000,2693,4693,
2011-05-29,,19.4428571428571,28.75,22.34,0.192682926829268,3.1,1,,,,,,1,,,,,,,,,,,,2352,2391,4743,
2011-05-30,,21,31.4285714285714,24.94,0,1.875,1,,,,,,1,,,1,,,,,1,,,,1548,2499,4047,1
2011-05-31,,21.9357142857143,34.6,26.1,0,1.625,1,,,,,,1,,,1,,,,,,,,,671,3269,3940,
2011-06-01,,22.6866666666667,35.0466666666667,26.0545454545454,0.0977011494252874,3.25,1,,1,,1,,1,,,1,,1,,,,,,,512,3419,3931,
2011-06-02,,20.04,32.6666666666667,22.7727272727273,1.01397849462366,5.025,,,1,,,,,,,,,,,,,,,,736,4176,4912,
2011-06-03,,13.5866666666667,28.3333333333333,16.4181818181818,0.0301204819277108,3.475,,,,,,,1,,,,,,,,,,,,898,4344,5242,
2011-06-04,,11.7733333333333,26.44,17.3727272727273,0.00731707317073171,1.825,,,,,,,,,,,,1,,,,,,,1864,3384,5248,
2011-06-05,,17.08,27.5533333333333,19.5272727272727,0.431460674157303,2.275,1,,1,,,,,,,1,,1,,,,,,,1684,3175,4859,
2011-06-06,,16.82,28.0666666666667,20.3454545454545,0.510112359550562,1.85,1,,,,,,1,,,1,,,,,1,,,,670,3818,4488,
2011-06-07,,16.5333333333333,29.62,20.9181818181818,0,2.4,1,,,,,,1,,,1,,,,,,,,,760,4023,4783,
2011-06-08,,19.0266666666667,32.3066666666667,23.8363636363636,0.0235294117647059,1.95,1,,,,,,1,,,1,,,,,,,,,675,3683,4358,
2011-06-09,,22.0214285714286,35.9928571428571,26.2636363636364,0.261728395061728,2.6,1,,1,,,,1,,,1,,1,,,,,,,562,3326,3888,
2011-06-10,,21.3642857142857,35.4428571428571,24.1818181818182,5.55473684210527,2.06666666666667,1,,1,,,,1,,,1,,1,,,,,,,814,3726,4540,
2011-06-11,,22.0642857142857,32.8571428571429,24.3,1.64210526315789,2.4,1,,,,,,1,,,1,,1,,,1,,,,1727,3174,4901,
2011-06-12,,20.8428571428571,31.5571428571428,22.7181818181818,2.58705882352941,2.1,1,,1,,,,1,,,1,,1,,,,,,,1467,2940,4407,
2011-06-13,,16.9785714285714,29.8071428571429,18.2,6.75697674418605,4.5,,,1,,,,,,1,,,,,,,,,,863,4106,4969,
2011-06-14,,14.8857142857143,24.9142857142857,17.4272727272727,0.0135802469135802,4.13333333333333,,,,,,,,,,,,1,,,,,,,726,4103,4829,
2011-06-15,,12.6642857142857,25.3642857142857,16.7818181818182,0.0075,2.43333333333333,,,,,,,,,,,,,,,,,,,769,4354,5123,
2011-06-16,,15.1928571428571,27.1714285714286,18.0909090909091,1.66463414634146,3.03333333333333,1,,1,,,,1,,,1,,1,,,,,,,544,3181,3725,
2011-06-17,,17.0857142857143,27.4571428571429,19.2,17.0336842105263,2.23333333333333,1,,1,,,,1,,,1,,1,,,,,,,862,3910,4772,
2011-06-18,,18.6857142857143,29.1214285714286,22.0727272727273,5.7,2.03333333333333,1,,1,,,,,,,1,,1,,,,,,,1806,3248,5054,
2011-06-19,,20.7285714285714,29.4357142857143,22.3727272727273,0.616666666666666,1.73333333333333,1,,,,,,,,,,,1,,,,,,,1638,3038,4676,
2011-06-20,,18.9071428571429,27.2642857142857,19.4818181818182,6.01034482758621,2.36666666666667,1,,,,,,1,,,1,,1,,,,,,,697,3270,3967,
2011-06-21,,19.3928571428571,27.5857142857143,20.8545454545455,1.67444444444444,2.3,1,,1,,,,1,,,,,1,,,,,,,770,3999,4769,
2011-06-22,,20.8357142857143,31,24.3454545454545,0.692857142857142,2.36666666666667,1,,1,,,,1,,,1,,1,,,,,,,655,3790,4445,
2011-06-23,,23.25,30.9142857142857,25.3454545454545,0.0304878048780488,3.4,,,,,,,,,,,,1,,,,,,,745,3979,4724,
2011-06-24,,21.3928571428571,29.4785714285714,23.5,0.0139240506329114,3.43333333333333,,,,,,,,,,,,1,,,,,,,969,3961,4930,
2011-06-25,,19.6153846153846,29.3538461538462,21.4222222222222,0,2.875,,,,,,,,,,,,,,,,,,,1781,3333,5114,
2011-06-26,,16.7357142857143,28.3714285714286,20.38,0.052,1.825,1,,,,,,1,,,,,1,,,,,,,1918,3323,5241,
2011-06-27,,19.25,27.9,21.38,0.52625,1.8,1,,,,,,1,,,1,1,1,,,,,,,853,3802,4655,
2011-06-28,,20.3285714285714,29.5357142857143,22.8181818181818,0.562962962962963,2.35,1,,1,,,,1,,,1,,1,,,,,,,729,3851,4580,
2011-06-29,,21.1071428571429,32.1357142857143,22.99,3.50352941176471,3.775,,,1,,,,1,,,,,,,,,,,,848,4307,5155,
2011-06-30,,16.7142857142857,30.3142857142857,20.16,0.388,2.35,,,,,,,1,,,,,,,,,,,,1024,4432,5456,
2011-07-01,,16.6692307692308,30.0846153846154,21.5333333333333,0.0291139240506329,1.975,,,,,,,1,,,,,,,,,,,,1244,4052,5296,
2011-07-02,,16.4538461538462,31.7076923076923,20.4888888888889,0.0175675675675676,1.9,,,,,,,1,,,,,,,,,,,,2204,2848,5052,
2011-07-03,,19.5,33.1230769230769,21.5555555555556,14.7922222222222,2.66666666666667,1,,1,,,,1,,1,1,,1,,,,,,,2279,2312,4591,
2011-07-04,,20.5153846153846,32.2153846153846,22.7888888888889,5.65411764705883,1.63333333333333,1,,1,,,,1,,,,,1,,,,,,,3060,2915,5975,1
2011-07-05,,20.8923076923077,31.0230769230769,23.3,0.625287356321839,1.9,1,,1,,,,1,,,1,,1,,,,,,,1030,3584,4614,
2011-07-06,,21.7076923076923,31.5846153846154,24.3333333333333,0.149382716049383,2.125,1,,,,,,1,,,1,,1,,,,,,,783,3786,4569,
2011-07-07,,21.6307692307692,32.0615384615385,23.0888888888889,1.06,2.625,1,1,1,,,,1,,,1,,1,,,,,,,754,3753,4507,
2011-07-08,,21.7615384615385,32.4769230769231,24.0666666666667,5.8433734939759,2.775,1,1,1,,,,1,,,1,,1,,,,,,,689,3290,3979,
2011-07-09,,20.35,30.35,22.79,26.3967391304348,2.375,1,,1,,,,1,,,1,,,,,,,,,1987,3281,5268,
2011-07-10,,19.6538461538462,31.5692307692308,22.8888888888889,0.01375,2.4,1,,,,,,1,,,,,,,,,,,,1744,3083,4827,
2011-07-11,,21.2,32.7357142857143,24.33,1.10481927710843,3.75,1,,1,,,,1,,1,1,,1,,,,,,,720,3320,4040,
2011-07-12,,22.6,34.0857142857143,25.84,5.28775510204082,3.175,1,,1,,,,,,,,,,,,,,,,661,3546,4207,
2011-07-13,,22.3538461538461,33.4615384615385,25.1777777777778,1.79651162790698,2.375,1,1,1,,,,1,,1,1,,1,,,,,,,745,3544,4289,
2011-07-14,,17.1923076923077,30.7230769230769,19.7555555555556,13.3301075268817,3.425,,,1,,,,1,,,,,,,,,,,,888,4129,5017,
2011-07-15,,18,28,20.5444444444444,0.055421686746988,2.5,,,,,,,1,,1,,,,,,,,,,1318,4157,5475,
2011-07-16,,16.35,28.1285714285714,21.09,0,2.975,,,,,,,1,,,,,,,,,,,,2417,3430,5847,
2011-07-17,,19.2230769230769,30.4307692307692,22.5777777777778,0,3,,,,,,,1,,,,,,,,,,,,2005,3240,5245,
2011-07-18,,20.6307692307692,32.0076923076923,23.4555555555556,0.0402439024390244,2.875,,,,,,,1,,,,,,,,,,,,841,3563,4404,
2011-07-19,,22.9153846153846,33.3307692307692,25.625,0.374698795180723,1.975,1,,1,,,,1,,,,,1,,,,,,,751,3718,4469,
2011-07-20,,23.1461538461538,33.5846153846154,25.2125,2.58021978021978,1.85,1,,1,,,,1,,,1,,,,,,,,,643,3630,4273,
2011-07-21,,24.6428571428571,35,27.575,0,2.9,1,,,,,,1,,,1,,,,,1,,,,631,3106,3737,
2011-07-22,,26.0642857142857,37.5,27.9111111111111,0.0156626506024096,1.95,1,,1,,,,1,,,1,,1,,,,,,,560,2788,3348,
2011-07-23,,25.7571428571429,37.7428571428571,28.1333333333333,0.120238095238095,2.4,,,,,,,,,,,,1,,,,,,,986,2255,3241,
2011-07-24,,25.9214285714286,36.5928571428571,28.2111111111111,0.574074074074074,2.725,1,,1,,,,1,,,,,,,,,,,,1049,2513,3562,
2011-07-25,,23.85,33.65,25.66,3.77415730337079,1.85,1,,1,,,,1,,,,,1,,,,,,,566,3224,3790,
2011-07-26,,22.5,33.2928571428571,24.6,17.6350515463918,2.825,1,,1,,,,1,,,1,,,,,1,,,,749,3761,4510,
2011-07-27,,22.3428571428571,33.45,24.44,0.02875,2.6,,,,,,,1,,,,,,,,,,,,753,3849,4602,
2011-07-28,,21.2214285714286,33.0214285714286,24.28,0,2.275,,,,,,,1,,,,,1,,,,,,,606,3740,4346,
2011-07-29,,23.6428571428571,35.35,26.16,0.0038961038961039,2.95,1,,,,,,1,,,1,,,,,,,,,669,3150,3819,
2011-07-30,,24.5642857142857,36.9785714285714,26.45,0,2.55,,,,,,,1,,,,,,,,,,,,1559,2858,4417,
2011-07-31,,22.6285714285714,35.0785714285714,25.51,0.0337837837837838,2.475,,,,,,,,,,,,,,,,,,,1523,2739,4262,
2011-08-01,,21.8933333333333,35.7866666666667,25.9090909090909,0.82625,2.55,1,,1,,1,,1,,1,,,1,,,,,,,729,3487,4216,
2011-08-02,,21.2266666666667,35.3733333333333,24.9090909090909,2.99052631578947,3,,,1,,,,,,,,,1,,,,,,,800,4004,4804,
2011-08-03,,23.22,32.3333333333333,24.7454545454545,1.38690476190476,1.525,1,,,,,,1,,,1,1,1,,,,,,,467,3062,3529,
2011-08-04,,22.7866666666667,29.3,24.0272727272727,4.14255319148936,3.475,1,,,,,,1,,,1,1,1,,,,,,,799,3730,4529,
2011-08-05,,19.62,29.8733333333333,23.3818181818182,0.228235294117647,3.125,,,,,,,1,,,,,,,,,,,,1023,3795,4818,
2011-08-06,,21.2666666666667,30.68,23.7083333333333,1.22625,3.95,1,,1,,,,,,,1,,1,,,,,,,1519,2726,4245,
2011-08-07,,23.0333333333333,32.6333333333333,25.6333333333333,9.8438202247191,2.55,1,,1,,,,1,,,1,,1,,,,,,,1296,2441,3737,
2011-08-08,,22.9285714285714,33.1642857142857,25.4909090909091,5.80215053763441,2.975,1,,1,,,,1,,,1,,,,,,,,,845,3431,4276,
2011-08-09,,21.8214285714286,32.8285714285714,24.6545454545455,0.286904761904762,2.2,1,,1,,,,1,,1,1,,1,,,,,,,908,3642,4550,
2011-08-10,,21.3,32.8466666666667,23.6166666666667,2.34725274725275,3.175,,,,,,,,,,,,,,,,,,,884,3826,4710,
2011-08-11,,19,31.12,21.1166666666667,0.139024390243902,2.375,,,,,,,,,,,,,,,,,,,811,3926,4737,
2011-08-12,,17.3071428571429,30.6285714285714,21.1090909090909,0.0233766233766234,2.025,,,,,,,1,,,,,,,,,,,,1049,3799,4848,
2011-08-13,,18.7333333333333,29.8133333333333,22.4583333333333,1.96144578313253,2.725,1,,1,,,,1,,,1,,1,,,,,,,1499,2586,4085,
2011-08-14,,20.26,28.22,21.8,17.1230769230769,2.85,1,,1,,,,1,,,1,,1,,,,,,,1337,2437,3774,
2011-08-15,,18.6266666666667,28.5933333333333,21.0083333333333,21.9,2.8,1,,1,,,,1,,,1,,1,,,,,,,774,3507,4281,
2011-08-16,,19.32,28.5466666666667,21.95,4.70227272727273,3.5,,,1,,,,1,,,,,1,,,,,,,721,3952,4673,
2011-08-17,,18.1285714285714,30.3214285714286,21.2181818181818,0.0771084337349398,2.275,1,,,,,,,,,,,,,,,,,,668,3974,4642,
2011-08-18,,20.26,31.7933333333333,22.0833333333333,1.27386363636364,3.275,1,,1,1,1,,1,,,1,,1,,,,,,,639,3117,3756,
2011-08-19,,18.9642857142857,31.0714285714286,21.4833333333333,9.16881720430107,2,1,1,1,,,,1,,1,1,,1,,,,,,,797,3305,4102,
2011-08-20,,17.9933333333333,30.4133333333333,21.2916666666667,8.28095238095238,1.775,1,,1,,,,1,,,1,,,,,,,,,1914,3190,5104,
2011-08-21,,20.6333333333333,31.1133333333333,24.3583333333333,3.75185185185185,2.975,1,1,1,,,,1,,1,,,1,,,,,,,1247,2562,3809,
2011-08-22,,20.42,29.5266666666667,22.275,12.65,4,,,1,,,,1,,,,,1,,,,,,,831,3868,4699,
2011-08-23,,13.7733333333333,27.34,18.0916666666667,0.00581395348837209,2.05,,,,,,,,,,,,,,,,,,,1268,4550,5818,
2011-08-24,,14.8466666666667,28.4533333333333,19.3583333333333,0.0127906976744186,4.025,,,,,,,1,,,,,,,,,,,,941,4123,5064,
2011-08-25,,18.4266666666667,28.6666666666667,22.725,0.889285714285714,3.125,1,,1,,,,,,,1,,1,,,,,,,435,3055,3490,
2011-08-26,,19.2428571428571,28.7714285714286,21.8636363636364,8.53229166666667,1.675,1,,1,,,,1,,,1,,1,,,1,,,,768,3839,4607,
2011-08-27,,20.88,28.42,23.7,7.86470588235294,7.75,1,,1,,,,,,1,1,,1,,,,,,,225,880,1105,
2011-08-28,,20.12,26.9266666666667,21.3583333333333,96.9320388349514,6.8,1,,1,,,,,,1,1,,1,,,,,,,1414,2875,4289,
2011-08-29,,16.7466666666667,27.6666666666667,19.1166666666667,1.63333333333333,2.25,1,,,,,,,,,,,,,,,,,,729,3847,4576,
2011-08-30,,14.1357142857143,26.9857142857143,17.6818181818182,0.00919540229885057,1.725,1,,,,,,1,,,,,,,,,,,,772,4376,5148,
2011-08-31,,14.18,27.9266666666667,17.1416666666667,0.0329411764705882,1.075,1,,,,,,,,,,,,,,,,,,688,4310,4998,
2011-09-01,,15.3266666666667,28.0333333333333,19.0833333333333,0.035632183908046,2.025,,,,,,,1,,,,,1,,,,,,,783,4276,5059,
2011-09-02,,17.5933333333333,26.94,20.7583333333333,3.67291666666667,2.15,1,,1,,1,,1,,,,,1,,,,,,,873,3809,4682,
2011-09-03,,19.22,26.4066666666667,21.0916666666667,0.56144578313253,2.3,1,,1,,1,,1,,,1,,1,,,,,,,1933,2493,4426,
2011-09-04,,20.2933333333333,29.0733333333333,22.775,2.00117647058824,3.025,1,,,,,,1,,,1,,,,,,,,,2522,2379,4901,
2011-09-05,,19.6333333333333,29.4933333333333,21.95,4.24588235294118,2.65,1,,,,,,1,,,1,1,1,,,,,,,1236,2074,3310,1
2011-09-06,,16.5333333333333,24.7266666666667,17.0916666666667,39.0111111111111,4.875,1,,,,,,,,,1,1,1,,,,,,,204,2462,2666,
2011-09-07,,16.5266666666667,22.14,19.95,27.6154639175258,2.45,1,1,1,,,,,,,,1,,,,,,,,118,1846,1964,
2011-09-08,,18.82,23.5533333333333,20.9333333333333,96.2505154639176,3.05,1,1,1,,,,,,,1,,1,,,,,,,153,1657,1810,
2011-09-09,,20.6666666666667,25.2666666666667,22.1416666666667,54.4126315789474,1.85,1,,1,,,,1,,,1,1,1,,,1,,,,417,3093,3510,
2011-09-10,,18.8733333333333,27.8933333333333,20.975,5.78804347826087,1.975,1,1,1,,,,1,,,1,,,,,,,,,1749,3521,5270,
2011-09-11,,18.1666666666667,28.3666666666667,19.95,0.67710843373494,1.675,1,1,1,,1,,1,,,1,,1,,,,,,,1633,3324,4957,
2011-09-12,,16.2266666666667,28.0266666666667,18.9916666666667,3.94421052631579,1.2,1,,1,,,,1,,,1,,,,,1,,,,688,3950,4638,
2011-09-13,,16.4066666666667,28.1866666666667,18.9916666666667,0.00659340659340659,2.025,1,,,,,,1,,,1,,,,,,,,,701,4012,4713,
2011-09-14,,17.42,29.7666666666667,20.1416666666667,0.393406593406593,2.35,1,,1,,,,1,,,1,,1,,,,,,,646,4090,4736,
2011-09-15,,15.3933333333333,28.4133333333333,18.975,2.01938775510204,4.15,1,,1,,,,1,,,1,1,1,,,,,,,428,3184,3612,
2011-09-16,,7.10714285714286,21.0642857142857,10.7090909090909,1.05463917525773,1.825,,,,,,,1,,,,,,,,,,,,741,3952,4693,
2011-09-17,,9.92142857142857,17.4928571428571,12.7272727272727,0.05,2.55,,,,,,,,,,,,1,,,,,,,1431,3031,4462,
2011-09-18,,10.8615384615385,18.4769230769231,13.72,0.128089887640449,2.875,,,,,,,,,,,,,,,,,,,1353,2875,4228,
2011-09-19,,12.5692307692308,19.6538461538462,15.6636363636364,0,2.25,,,,,,,1,,,,,,,,,,,,688,3779,4467,
2011-09-20,,15.4933333333333,21.3066666666667,18.2,0.502173913043478,1.9,1,,,,,,,,,1,,1,,,,,,,437,3156,3593,
2011-09-21,,16.7466666666667,22.7066666666667,19.675,3.25555555555556,1.75,1,,,,,,1,,,1,1,1,,,,,,,537,3768,4305,
2011-09-22,,19.18,25.0066666666667,21.025,2.09381443298969,1.775,1,,1,,,,1,,,1,1,1,,,,,,,555,4188,4743,
2011-09-23,,20,24.7066666666667,21.3916666666667,4.54631578947369,1.575,1,1,,,,,,,,1,1,1,,,,,,,258,2109,2367,
2011-09-24,,18.1466666666667,23.5466666666667,19.15,28.539175257732,0.975,1,1,1,,,,,,,1,,,,,,,,,1777,3576,5353,
2011-09-25,,18.7466666666667,24.3266666666667,20.6083333333333,0.694623655913978,0.8,1,,,,,,1,,,1,1,1,,,,,,,1544,3416,4960,
2011-09-26,,19.8133333333333,25.8333333333333,21.125,0.284444444444445,1.8,1,,,,,,1,,,1,1,1,,,,,,,681,3906,4587,
2011-09-27,,20.1933333333333,26.5133333333333,21.9083333333333,0.565168539325843,2.825,1,1,1,,,,,,,1,1,1,,,,,,,476,3593,4069,
2011-09-28,,19.1533333333333,26.0466666666667,20.3545454545455,3.50860215053764,2.35,1,,1,,,,,,,1,,1,,,,,,,481,3396,3877,
2011-09-29,,17.1,26,18.7,15.3827956989247,2.4,1,1,1,,,,1,,,1,,1,,,,,,,653,4140,4793,
2011-09-30,,13.8333333333333,24.3733333333333,15.6,0.174683544303798,2.575,1,,,,,,1,,,,,,,,,,,,830,4320,5150,
2011-10-01,,10.2071428571429,20.1642857142857,10.35,1.45955056179775,4.825,1,,,,,,,,,1,,1,,,,,,,476,1926,2402,
2011-10-02,,6.64285714285714,11.3285714285714,7.39,12.7966666666667,3.675,1,,,,,,,,,1,1,1,,,,,,,616,2268,2884,
2011-10-03,,6.27857142857143,10.7571428571429,7.93636363636364,1.2406976744186,1.4,,,,,,,,,,,1,1,,,,,,,330,3199,3529,
2011-10-04,,7.67333333333334,14.98,10.7,0.852747252747252,3.175,1,,,,,,,,,1,,1,,,1,,,,485,3920,4405,
2011-10-05,,9.37333333333333,21.1333333333333,12.4083333333333,0.0102272727272727,3.1,,,,,,,,,,,,,,,,,,,559,4212,4771,
2011-10-06,,8.45333333333334,22.1466666666667,10.4583333333333,0,1.5,,,,,,,,,,,,,,,,,,,639,4078,4717,
2011-10-07,,7.45333333333333,21.9666666666667,10.3666666666667,0.00574712643678161,0.8,1,,,,,,,,,1,,,,,,,,,949,3976,4925,
2011-10-08,,8.37333333333333,22.9933333333333,11.6166666666667,0.00344827586206897,0.625,1,,,,,,,,,1,,,,,,,,,2233,3104,5337,
2011-10-09,,9.21333333333334,24.5933333333333,12.1666666666667,0.00337078651685393,0.65,1,,,,,,,,,1,,,,,,,,,2397,3048,5445,
2011-10-10,,10.3666666666667,26.8066666666667,13.9,0.00697674418604651,0.725,1,,,,,,1,,,1,,,,,,,,,1513,3539,5052,1
2011-10-11,,12.98,24.56,16.85,0.00588235294117647,2.25,1,,,,,,1,,,,,1,,,,,,,666,3837,4503,
2011-10-12,,15.64,20.5933333333333,17.4166666666667,1.69381443298969,4.625,1,,,,,,,,,1,1,1,,,,,,,217,2175,2392,
2011-10-13,,16.5857142857143,20.5285714285714,18.2272727272727,14.0080808080808,3.075,1,,1,,,,1,,,1,1,1,,,,,,,290,2592,2882,
2011-10-14,,15.44,22.5785714285714,17.5833333333333,17.9838709677419,3.8,1,,1,,1,,,,1,1,,1,,,,,,,528,3064,3592,
2011-10-15,,9.4,21.0928571428571,12.1181818181818,6.74565217391305,4.35,,,1,,,,,,,,,,,,,,,,1896,3240,5136,
2011-10-16,,8.45,21.3571428571429,12.2636363636364,0.00344827586206897,4.3,,,,,,,,,1,,,,,,,,,,1748,3223,4971,
2011-10-17,,10.26,21.64,14.8,0,2.45,,,,,,,,,,1,,,,,,,,,713,3806,4519,
2011-10-18,,10.4583333333333,22.1666666666667,14.0888888888889,0,1.75,1,,,,,,1,,,,,1,,,,,,,635,4064,4699,
2011-10-19,,13.1428571428571,21.8285714285714,16.5727272727273,10.5134020618557,4.15,1,,,,,,1,,,1,1,1,,,,,,,254,2144,2398,
2011-10-20,,11.04,20.0133333333333,12.4083333333333,6.40736842105264,5.6,,,,,,,,,,,,1,,,,,,,471,3681,4152,
2011-10-21,,7,15.5266666666667,8.86666666666667,0.0290697674418605,3.625,,,,,,,,,1,,,,,,,,,,676,3582,4258,
2011-10-22,,5.72666666666667,15.1933333333333,7.69166666666667,0,1.35,1,,,,,,,,,,,,,,,,,,1499,2749,4248,
2011-10-23,,3.84666666666667,16.5466666666667,6.79166666666667,0.00681818181818182,1.425,1,,,,,,1,,,1,,,,,,,,,1619,2707,4326,
2011-10-24,,5.41333333333333,18.3266666666667,8.8,0.131818181818182,1.8,1,,,,,,1,,,1,,1,,,,,,,698,3444,4142,
2011-10-25,,7.22666666666667,19.62,9.95833333333333,1.12291666666667,2.925,,,,,,,,,,,,,,,,,,,694,3936,4630,
2011-10-26,,9.02666666666667,18.66,12.075,0.180952380952381,2.2,1,,,,,,,,,1,,1,,,,,,,404,3452,3856,
2011-10-27,,8.70666666666667,18.56,11.9916666666667,3.37765957446809,3.275,1,,,,,,,,,1,,1,,,,,,,240,2389,2629,
2011-10-28,,3.05,14.6428571428571,4.18181818181818,2.82282608695652,3.225,1,,,,,,,,1,1,,1,,,,,,,455,3253,3708,
2011-10-29,,1.75333333333333,9.26,2.74166666666667,14.5554347826087,5.8,1,,,1,,,,,,1,1,1,,1,,,,,57,562,619,
2011-10-30,,0.00666666666666666,6.66666666666667,2.13333333333333,17.6647727272727,2.25,,,,1,,,,,1,,,,,,,,,,885,2403,3288,
2011-10-31,,-0.486666666666667,11.7466666666667,2.45833333333333,0.0431818181818182,1.8,1,1,,,,,,,,,,1,,,,,,,362,3271,3633,
2011-11-01,,2,13.9666666666667,5.95833333333333,1.1469387755102,1.875,1,,,,,,,,,1,,1,,,,,,,410,3628,4038,
2011-11-02,,1.55333333333333,15.3333333333333,3.38333333333333,0.01,1.275,1,,,,,,1,,,1,,,,,,,,,367,3769,4136,
2011-11-03,,2.78,16.8533333333333,6.15833333333333,0,1.96666666666667,1,,,,,,,,,,,,,,,,,,317,3597,3914,
2011-11-04,,5.26,16.3266666666667,8.84166666666667,0.00326086956521739,4.425,,,,,,,1,,,1,,,,,,,,,470,3533,4003,
2011-11-05,,1.24,12.7285714285714,2.825,0,2.9,,,,,,,,,,,,,,,,,,,1154,2733,3887,
2011-11-06,,-0.44,12.3066666666667,2.36666666666667,0,1.225,,,,,,,,,,,,,,,,,,,952,2659,3611,
2011-11-07,,1.29333333333333,16.1066666666667,4.80833333333333,0.00333333333333333,0.775,1,1,,,,,,,,1,,,,,,,,,373,3602,3975,
2011-11-08,,2.62666666666667,19.4066666666667,5.875,0.00348837209302326,1,,,,,,,1,,,,,,,,,,,,376,3773,4149,
2011-11-09,,2.34666666666667,19.3266666666667,5.00833333333333,0.00344827586206897,1.35,1,,,,,,,,,1,,,,,1,,,,305,3752,4057,
2011-11-10,,4.11333333333333,16.32,9.125,0.335164835164835,2.95,1,1,,,,,1,,,1,1,1,,,,,,,190,2713,2903,
2011-11-11,,2.89285714285714,11.75,4.28181818181818,1.8741935483871,5.425,,,,,,,,,,,,,,,,,,,440,2897,3337,1
2011-11-12,,-1.04,12.1466666666667,3.35,0.00352941176470588,2.95,,,,,,,,,,,,,,,,,,,1275,2758,4033,
2011-11-13,,1.74666666666667,17.28,7.65,0.00357142857142857,4.05,,,,,,,,,,,,,,,,,,,1004,2680,3684,
2011-11-14,,8.12,19.7733333333333,14.5333333333333,0,4.95,,,,,,,1,,,,,,,,,,,,594,3833,4427,
2011-11-15,,13.14,21.7,16.525,0.028735632183908,2.35,1,,,,,,1,,,,,1,,,,,,,449,3712,4161,
2011-11-16,,12.5466666666667,17.3666666666667,13.1416666666667,5.015625,2.275,1,,,,,,,,,1,1,1,,,,,,,145,1660,1805,
2011-11-17,,5.44,13.82,6.8,11.1372340425532,4.725,,,1,,,,,,,,,1,,,,,,,139,2886,3025,
2011-11-18,,-0.82,7.62,1.06666666666667,0.37,2.775,,,,,,,,,,,,,,,,,,,243,3113,3356,
2011-11-19,,-0.96,9.5,2.325,0.0102272727272727,3.125,,,,,,,,,,,,,,,,,,,941,2679,3620,
2011-11-20,,3.58571428571429,15.0785714285714,10.8416666666667,0.146067415730337,2.575,1,,,,,,,,,1,,1,,,,,,,787,2685,3472,
2011-11-21,,9.89333333333333,17.8933333333333,12.575,3.52164948453609,2.275,1,1,,,,,,,,1,1,1,,,,,,,220,2510,2730,
2011-11-22,,9.28666666666667,16.0066666666667,10.7333333333333,6.83548387096774,2.2,1,1,,,,,1,,,1,1,1,,,,,,,69,1518,1587,
2011-11-23,,8.48,16.7066666666667,13.425,24.9065217391304,5.475,1,,,,,,,,,1,,1,,,1,,,,112,2423,2535,
2011-11-24,,1.40666666666667,16.38,3.79090909090909,0.732222222222221,2.45,,,,,,,,,,,,,,,,,,,559,918,1477,1
2011-11-25,,1.60714285714286,17.0285714285714,4.29090909090909,0.00697674418604651,1.575,,,,,,,1,,,,,,,,,,,,1095,1677,2772,
2011-11-26,,1.92666666666667,19.36,5.1,0,0.725,,,,,,,,,,,,,,,,,,,1249,1776,3025,
2011-11-27,,3.64,19.84,10.2833333333333,0,3.375,,,,,,,,,,,,,,,,,,,808,2221,3029,
2011-11-28,,9.24,21.1933333333333,13.25,0,2.55,1,,,,,,,,,,,,,,1,,,,253,3559,3812,
2011-11-29,,10.4066666666667,20.04,15.1,2.55326086956522,4.375,1,,,,,,,,,1,,1,,,1,,,,96,2791,2887,
2011-11-30,,3.28666666666667,15.5933333333333,3.78333333333333,10.9785714285714,4.675,,,,,,,,,,,,,,,,,,,187,3389,3576,
2011-12-01,,0.8,10.3214285714286,2.43636363636364,0.0255555555555556,3.3,,,,,,,,,,,,,,,,,,,182,3500,3682,
2011-12-02,,-2.29333333333333,11.7466666666667,-0.708333333333333,0,1.55,1,,,,,,,,,,,,,,1,,,,268,3633,3901,
2011-12-03,,-1.50714285714286,12.1428571428571,0.863636363636364,0.00674157303370787,1.325,1,,,,,,,,,1,,,,,,,,,705,2857,3562,
2011-12-04,,-0.78,11.0666666666667,1.88333333333333,0.00337078651685393,1.575,1,,,,,,,,,1,,,,,,,,,633,2808,3441,
2011-12-05,,1.62666666666667,14.2866666666667,6.23333333333333,0,1.4,1,1,,,,,1,,,1,,,,,,,,,233,3511,3744,
2011-12-06,,7.28666666666667,16.0866666666667,14.1333333333333,1.77684210526316,3.15,1,,,,,,,,,1,1,1,,,,,,,126,2437,2563,
2011-12-07,,8.73333333333334,16.58,11.5166666666667,29.054,4.15,1,,,,,,,,,1,1,1,,1,,,,,50,648,698,
2011-12-08,,0.6,11.3666666666667,1.825,45.8653465346535,3.925,,,,,,,,,1,,,,,,,,,,150,3145,3295,
2011-12-09,,-1.78,9.03333333333333,-0.383333333333333,0.0122222222222222,1.425,1,,,,,,,,,,,,,,,,,,259,3324,3583,
2011-12-10,,-1.38666666666667,9.37333333333333,2.76666666666667,0.00561797752808989,3.6,,,,,,,,,,,,,,,,,,,502,2658,3160,
2011-12-11,,-4.48666666666667,6.56666666666667,-2.875,0,1.075,,,,,,,,,,,,,,,,,,,376,2337,2713,
2011-12-12,,-4.96,5.96666666666667,-3.33333333333333,0.00333333333333333,0.7,,,,,,,,,,,,,,,,,,,143,3121,3264,
2011-12-13,,-4.22666666666667,8.56,-1.01666666666667,0,1.975,1,,,,,,,,,,,,,,,,,,154,3327,3481,
2011-12-14,,-1.11428571428571,9.76428571428571,2.7,0.00348837209302326,1.175,,,,,,,,,,,,1,,,,,,,178,3515,3693,
2011-12-15,,3.02666666666667,12.6266666666667,8.83333333333333,0.196590909090909,4.325,,,,,,,,,,,,1,,,,,,,180,3490,3670,
2011-12-16,,6,16.8333333333333,7.11666666666667,0.40531914893617,4.425,,,,,,,,,,,,,,,,,,,178,3359,3537,
2011-12-17,,0.626666666666667,7.11333333333333,1.89166666666667,0,3.75,,,,,,,,,,,,,,1,,,,,275,2435,2710,
2011-12-18,,-2.44,4.92666666666667,-0.7,0,2.15,,,,,,,,,,,,,,,,,,,220,2182,2402,
2011-12-19,,-3.73333333333333,7.18666666666667,-0.508333333333333,0,2.575,,,,,,,,,,,,,,,,,,,259,3107,3366,
2011-12-20,,0.52,11.64,9.54166666666667,0.0215909090909091,1.475,,,,,,,,,,,,1,,,,,,,216,3498,3714,
2011-12-21,,7.12,14.4333333333333,10.4666666666667,0.372727272727273,3.35,1,,,,,,,,,1,1,1,,,,,,,107,2533,2640,
2011-12-22,,6.74,16.3466666666667,7.96666666666667,3.75686274509804,1.3,1,,,,,,,,,1,,1,,,,,,,227,2801,3028,
2011-12-23,,5.71333333333333,13.5533333333333,8.225,20.8806122448979,4,1,,,,,,,,,1,1,1,,,,,,,163,2019,2182,
2011-12-24,,2.22,9.08,3.325,0.321348314606742,2.75,,,,,,,,,,,,1,,,,,,,154,840,994,
2011-12-25,,-2.36,7.64,0,0.00987654320987654,1.975,,,,,,,,,,,,,,,,,,,303,439,742,
2011-12-26,,-0.48,9.29333333333333,4.675,0.180246913580247,4.075,,,,,,,,,,,,,,,,,,,429,864,1293,1
2011-12-27,,0.86,9.77333333333334,4.90833333333333,2.27380952380952,3.375,1,1,,,,,,,,1,,1,,,,,,,103,1049,1152,
2011-12-28,,2.20666666666667,9.88,4.075,14.271875,5.5,1,,,,,,,,,,,,,,,,,,255,2020,2275,
2011-12-29,,-3.32,6.99333333333334,-1.39166666666667,0.02,1.65,,,,,,,,,,,,,,1,,,,,254,2149,2403,
2011-12-30,,-2.09230769230769,8.2,2.01818181818182,0.112048192771084,1.46666666666667,,,,,,,,,,,,,,,,,,,491,2476,2967,
2011-12-31,,1.54666666666667,13.3066666666667,7.54166666666667,0.153246753246753,3.225,1,,,,,,,,,,,1,,,,,,,665,1792,2457,
2012-01-01,,0.84,14.5733333333333,2.62727272727273,0.101204819277108,3.3,1,,,,,,,,,,,1,,,,,,,688,1572,2260,
2012-01-02,,0.03125,12.74,0.809090909090909,0.530337078651685,5.675,,,,,,,,,,,,,,,,,,,244,1693,1937,1
2012-01-03,,-4.47333333333333,3.61333333333333,-3.38181818181818,0.00352941176470588,6.45,,,,,,,1,,,,,,,1,,,,,89,2130,2219,
2012-01-04,,-10.14,-0.0333333333333334,-7.98181818181818,0.00333333333333333,2.65,,,,,,,,,,,,,,1,,,,,95,2262,2357,
2012-01-05,,-6.7,3.36666666666667,-0.527272727272727,0.00549450549450549,1.725,,,,,,,1,,,,,,,,,,,,140,3111,3251,
2012-01-06,,-2.14666666666667,11.6866666666667,3.42727272727273,0,2.525,,,,,,,,,,,,,,,,,,,304,3750,4054,
2012-01-07,,1.19375,17.81875,2.91666666666667,0,2.75,,,,,,,1,,,,,,,,,,,,1074,3406,4480,
2012-01-08,,0.8,14.9,2.46666666666667,0,2.625,,,,,,,,,,,,,,,,,,,601,2807,3408,
2012-01-09,,-2.01875,7.04375,-0.575,0.263636363636364,1.275,1,,,,,,,,,1,1,1,,1,,,,,106,2219,2325,
2012-01-10,,-1.3,7.11875,-0.241666666666667,2.10721649484536,2.525,1,1,,,,,,,,1,,,,,,1,,,173,3400,3573,
2012-01-11,,-2.35,9.86875,-0.916666666666667,1.90561797752809,2.775,1,,,,,,1,,,1,1,1,,,,,,,92,2074,2166,
2012-01-12,,0.49375,11.10625,6.19166666666667,24.615,3.275,1,,,,,,,,,1,1,1,,,,,,,270,3793,4063,
2012-01-13,,-0.48125,13.3375,0.241666666666667,2.36632653061225,6.175,1,,,,1,,,,,1,,1,,1,,,,,173,3017,3190,
2012-01-14,,-4.30625,4.0625,-3.39166666666667,0.00352941176470588,4.075,,,,,,,,,1,,,,,,,,,,333,2137,2470,
2012-01-15,,-5.03333333333333,1.54666666666667,-4.20833333333333,0,3.275,,,,,,,,,,,,,,,,,,,283,2009,2292,
2012-01-16,,-7.3875,2.19375,-5.15833333333333,0.169411764705882,3.825,,,,,,,,,,,,1,,1,,,,,217,2060,2277,1
2012-01-17,,-3.31875,9.34375,6.34166666666667,3.31612903225807,5.35,1,,,,,,,,,1,,1,,,,,,,125,2788,2913,
2012-01-18,,0.475,14.2625,2.58333333333333,2.51797752808989,6.6,,,,,,,,,1,,,,,,,,,,109,3244,3353,
2012-01-19,,-6.975,4.9,-5.325,0.05,3.4,,,,,,,,,,,,,,,,,,,131,3147,3278,
2012-01-20,,-5.4875,3.6,-0.375,0.181176470588235,3.3,1,,,,,,,,,1,,,,1,,1,,,114,3012,3126,
2012-01-21,,-3.26875,0.625,-1.66666666666667,6.71724137931034,3.7,,,,1,,1,,,,,1,1,1,1,,,,,67,1217,1284,
2012-01-22,,-2.59375,-0.5,-2.4,0.385897435897436,2.8,,,,,,1,,,,1,1,,,1,,,1,,196,1758,1954,
2012-01-23,,-1.975,2.15,-0.383333333333333,0.313924050632911,1.85,1,1,,1,,1,,,,,1,1,,,,,1,,145,2266,2411,
2012-01-24,,-0.00666666666666672,8.93333333333333,5.46666666666667,1.28589743589743,1.96666666666667,1,1,,,,,,,,1,,,,,,,,,439,3856,4295,
2012-01-25,,0.186666666666667,12.0933333333333,1.4,0.132051282051282,2.06666666666667,1,,,,,,,,,,,,,,,,,,467,3767,4234,
2012-01-26,,1.36666666666667,10.6733333333333,4.84166666666667,0.117948717948718,1.9,,,,,,,1,,,1,,1,,,,,,,243,3784,4027,
2012-01-27,,3.96,16.7533333333333,13.1916666666667,4.11511627906977,6.03333333333333,,,1,,,,,,,1,,1,,,,,,,269,3149,3418,
2012-01-28,,-1.36666666666667,15.78,1.25,4.74375,3.6,,,1,,,,1,,1,,,,,,,,,,776,3213,3989,
2012-01-29,,-1.42,10.8066666666667,0.0833333333333334,0.0103896103896104,4.4,,,,,,,1,,,,,1,,1,,,,,557,2649,3206,
2012-01-30,,-1.67333333333333,8.32666666666667,0.133333333333333,0.037037037037037,3.56666666666667,,,,,,,,,,,,,,,,,,,126,3459,3585,
2012-01-31,,-0.08,11.4466666666667,4.35833333333333,0.00405405405405405,3.9,,,,,,,,,,,,,,,,,,,324,4152,4476,
2012-02-01,,4.59333333333333,19.0666666666667,9.48333333333333,0.610227272727272,3.9,,,,,,,1,,,,,1,,,,,,,304,4241,4545,
2012-02-02,,6.14,18.4466666666667,8,2.05,3.33333333333333,1,,,,,,1,,,1,1,1,,,,,,,190,3547,3737,
2012-02-03,,-0.186666666666667,12.36,1.525,0.506896551724138,2.26666666666667,,,,,,,,,,,,,,,,,,,310,3808,4118,
2012-02-04,,-1.48,9.04666666666667,0.325,0.554117647058823,1.76666666666667,1,,,,,,,,,1,1,1,,1,,,,,383,2414,2797,
2012-02-05,,-0.025,6.41875,1.85,3.35222222222222,2.425,1,,,,,,,,,1,1,1,,1,,,,,317,2596,2913,
2012-02-06,,-3.64375,7.9875,-0.825,0.0318181818181818,2.125,1,,,,,,,,,1,,,,,,,,,206,3551,3757,
2012-02-07,,-1.075,11.5625,2.83333333333333,0,2.775,,,,,,,,,,,,,,,,,,,200,4151,4351,
2012-02-08,,-0.4625,10,1.2,0.38876404494382,2.075,1,,,,,,,,,1,1,1,,1,,,,,107,2676,2783,
2012-02-09,,-1.25625,5.96875,-0.108333333333333,2.51157894736842,3.05,1,,,,,,1,,,1,,,,,,,,,161,3631,3792,
2012-02-10,,-1.9125,7.2625,-0.458333333333333,0.0428571428571429,1.725,1,,,,,,,,,1,,1,,,,,,,225,3572,3797,
2012-02-11,,-2.70625,6.6,-0.458333333333333,4.64555555555556,5.3,1,,,,,,1,,,1,1,1,,1,,,,,192,1961,2153,
2012-02-12,,-6.33333333333333,2.44666666666667,-5.65454545454546,0.721839080459769,7.25,,,,,,1,1,,1,,,,,1,,,,,73,1440,1513,
2012-02-13,,-7.0375,2.70625,-3.84166666666667,0.0241379310344828,2.65,,,,,,,,,1,,,,,,,,,,94,3303,3397,
2012-02-14,,-3.0125,9.69375,1.8,0.00340909090909091,1.9,,,,,,,,,,,,1,,,,,,,131,3754,3885,
2012-02-15,,1.69375,11.95625,5.225,0.0227272727272727,2.825,,,,,,,,,,,,,,,,,,,141,3989,4130,
2012-02-16,,2.35,10.0375,4.89166666666667,0.675555555555556,1.725,1,,,,,,1,,,1,,1,,,1,,,,74,2908,2982,
2012-02-17,,2.425,8.96875,5,3.05730337078652,3.275,1,1,,,,,,,,1,,,,,1,,,,349,3763,4112,
2012-02-18,,-1.66875,12.11875,1.075,0.0325581395348837,3.25,,,,,,,,,,,,,,,,,,,1434,2836,4270,
2012-02-19,,-0.306666666666667,11.26,1.91818181818182,0.06625,3.6,1,,,,,,,,,1,,1,,1,,,,,618,2051,2669,
2012-02-20,,-0.45625,6.8375,0.883333333333333,1.07674418604651,3.7,,,,,,,1,,,,,,,,,,,,502,2589,3091,1
2012-02-21,,-3.93125,8.9875,-0.466666666666667,0.00941176470588235,3.5,,,,,,,,,,,,,,,,,,,163,3586,3749,
2012-02-22,,0.666666666666667,12.4,5.24545454545455,0.00705882352941176,3.6,,,,,,,1,,,,,,,,,,,,393,4343,4736,
2012-02-23,,4.81875,17.35,8.51666666666667,0.324137931034483,3.525,,,,,,,,,,,,1,,,,,,,516,4499,5015,
2012-02-24,,6.95,16.175,7.80833333333333,1.45268817204301,4.2,1,,1,,,,1,,,1,,1,,,,,,,246,3213,3459,
2012-02-25,,1.88125,11.7625,2.35833333333333,6.36813186813187,8.325,,,1,,,,,,1,,,1,,1,,,,,317,2372,2689,
2012-02-26,,-0.3875,8.26875,0.833333333333333,0.0175,3.375,,,,,,,,,1,,,,,,,,,,515,2845,3360,
2012-02-27,,-1.39375,12.04375,2.08333333333333,0,3.7,,,,,,,,,,,,,,,,,,,253,4033,4286,
2012-02-28,,0.685714285714286,15.7428571428571,3.91818181818182,0,3.03333333333333,,,,,,,,,,,,,,,,,,,229,4104,4333,
2012-02-29,,2.01875,12.6375,4.84166666666667,5.8314606741573,2.95,1,,,,,,,,,1,,1,,,,,,,65,1750,1815,
2012-03-01,,4.58125,15.89375,10.9636363636364,33.7876288659794,4.05,1,,,,,,,,,1,,1,,,1,,,,324,4611,4935,
2012-03-02,,0.7875,16.53125,3.17272727272727,1.36511627906977,2.475,,,1,,,,,,,1,1,1,,,,,,,245,2909,3154,
2012-03-03,,3.75625,14.48125,8.29090909090909,15.8670212765958,3.45,1,,1,,,,,,,1,1,1,,,,,,,955,3065,4020,
2012-03-04,,2.78125,13.45,3.84166666666667,0.36046511627907,4.825,,,,,,,,,,,,,,,,,,,710,2668,3378,
2012-03-05,,-2.1875,7.85625,-0.508333333333333,0.0325581395348837,3.8,,,,,,,1,,,,,,,1,,,,,203,3105,3308,
2012-03-06,,-4.15625,6.83125,-1.24166666666667,0.0280898876404494,2.975,,,,,,,,,,,,,,,,,,,220,3705,3925,
2012-03-07,,-0.725,12.725,6.11666666666667,0.230681818181818,4.8,,,,,,,,,,,,,,,,,,,432,4442,4874,
2012-03-08,,6.00625,20.36875,12.8,0.00340909090909091,6.95,,,,,,,,,,,,1,,,,,,,485,4839,5324,
2012-03-09,,6.1875,20.825,6.71666666666667,0.417582417582418,6.5,,,,,,,,,1,,,1,,,,,,,447,4078,4525,
2012-03-10,,-0.74375,11.76875,0.775,0.00365853658536585,3.35,,,,,,,,,,,,,,,,,,,968,3104,4072,
2012-03-11,,-0.80625,11.58125,2.95833333333333,0,3.375,,,,,,,,,,,,,,,,,,,1658,3207,4865,
2012-03-12,,2.19375,18.725,6.98333333333333,0,2.825,,,,,,,1,,,,,,,,,,,,838,4413,5251,
2012-03-13,,7.95,23.44375,15.0833333333333,0.40421052631579,3.86666666666667,,,,,,,,,,,,1,,,,,,,762,5026,5788,
2012-03-14,,10.975,26.33125,13.8916666666667,0.0793103448275862,2.175,,,,,,,,,,,,,,,,,,,998,5252,6250,
2012-03-15,,10.1866666666667,26.1666666666667,11.5818181818182,0,2.65,,,,,,,1,,,1,,1,,,,,,,1005,5124,6129,
2012-03-16,,9.69375,23.5375,10.4666666666667,0.0178571428571429,1.6,,,,,,,1,,,1,1,1,,,,,,,548,3782,4330,
2012-03-17,,8.36666666666667,19.2666666666667,9.95454545454545,0.274418604651163,2.225,1,1,,,,,1,,,1,,,,,,,,,3154,4601,7755,
2012-03-18,,9.14666666666667,21.41875,10.9166666666667,0.0449438202247191,2.05,1,1,,,,,1,,,1,1,,,,,,,,2206,3626,5832,
2012-03-19,,10.1125,21.48125,12.975,0.0606741573033708,2.45,1,1,,,,,,,,,,1,,,1,,,,982,5119,6101,
2012-03-20,,12.68,23.1066666666667,15.6545454545455,5.76,1.725,1,,1,,,,1,,,1,,1,,,,,,,1051,4990,6041,
2012-03-21,,13.3,21.425,14.125,0.440229885057471,1.35,1,1,1,,,,,,,1,1,,,,,,,,1120,5049,6169,
2012-03-22,,13.11875,22.125,15.1666666666667,0.032183908045977,1.575,1,1,,,,,1,,,1,1,,,,,,,,1334,5477,6811,
2012-03-23,,12.82,26.6333333333333,16.6272727272727,0,2.05,1,,,,,,1,,,1,,,,,1,,,,2468,5796,8264,
2012-03-24,,12.9266666666667,24.8066666666667,14.7090909090909,2.23764705882353,3.8,1,,1,,,,,,,1,1,1,,,,,,,1033,2304,3337,
2012-03-25,,10.15,16.3066666666667,10.7916666666667,8.00449438202247,3.225,1,,1,,,,,,,1,1,1,,,,,,,1532,3405,4937,
2012-03-26,,7.76875,15.70625,11.5166666666667,0.150574712643678,6.65,,,,,,,,,,,,,,,,,,,798,4713,5511,
2012-03-27,,-0.45625,14.68125,1.475,0.0238095238095238,3,,,,,,,,,,,,,,,,,,,531,4516,5047,
2012-03-28,,2.45625,16.65625,10.2333333333333,0.0939759036144578,4.15,,,1,,,,,,,,,1,,,,,,,674,4965,5639,
2012-03-29,,8.30625,21.9,12.225,0.533333333333333,5.05,,,,,,,,,,,,,,,,,,,834,5221,6055,
2012-03-30,,2.70666666666667,14.8533333333333,4.99090909090909,0.0261904761904762,2.075,,,,,,,,,,,,1,,,,,,,791,4620,5411,
2012-03-31,,5.06666666666667,13.86,8.38181818181818,0.179518072289157,3.925,,,,,,,1,,,1,,,,,,,,,2299,3873,6172,
2012-04-01,,7.3,16.8714285714286,8.38,0.186585365853659,2.7,1,,,,,,1,,,1,,1,,,,,,,2347,3632,5979,
2012-04-02,,6.93125,16.8133333333333,8.33333333333333,3.04468085106383,5.1,1,,,,,,,,,1,,1,,,,,,,1209,4672,5881,
2012-04-03,,1.775,17.65625,5.325,0.0072289156626506,1.675,,,,,,,,,,,,,,,,,,,1348,5357,6705,
2012-04-04,,5.70666666666667,22.7333333333333,11.3545454545455,0.00375,3.225,,,,,,,1,,,,,,,,,,,,1059,5324,6383,
2012-04-05,,5.70625,21.61875,7.74166666666667,0.0301204819277108,2.85,,,,,,,,,,,,,,,,,,,1192,5196,6388,
2012-04-06,,3.51333333333333,15.7533333333333,4.95454545454546,0,4.9,,,,,,,,,,,,,,,,,,,1808,4603,6411,
2012-04-07,,2.15625,16.7375,4.39166666666667,0,4.175,,,,,,,,,,,,,,,,,,,3255,3551,6806,
2012-04-08,,2.5625,20.01875,8.10833333333333,0,4.475,,,,,,,,,,,,,,,,,,,2232,2895,5127,
2012-04-09,,6.66875,21.18125,11.5833333333333,0,6.375,,,,,,,,,,,,1,,,,,,,905,4639,5544,
2012-04-10,,5.10625,19.20625,7.21666666666667,0.0395348837209302,4.625,,,,,,,,,,,,,,,,,,,819,5048,5867,
2012-04-11,,2.88125,16.70625,4.63333333333333,0.0202380952380952,4.75,,,,,,,,,,,,1,,,,,,,482,4336,4818,
2012-04-12,,3.50625,13.6875,6.65,0.0931818181818182,4.275,,,,,,,,,1,,,,,,,,,,663,4689,5352,
2012-04-13,,3.71875,16.3875,7.92727272727273,0.00574712643678161,2.275,,,,,,,,,,,,,,,,,,,1252,5080,6332,
2012-04-14,,4.30625,20.56875,9.26666666666667,0,2.725,,,,,,,,,,,,1,,,,,,,2792,4575,7367,
2012-04-15,,9.51875,25.3,15.8333333333333,0.0648351648351648,3.15,,,,,,,1,,,,,1,,,,,,,2844,4211,7055,
2012-04-16,,14.96875,29.44375,19.175,0,3.975,,,,,,,,,,,,,,,,,,,1197,5106,6303,1
2012-04-17,,15.53125,28.375,18.7583333333333,0,4,,,,,,,,,,,,1,,,,,,,988,5631,6619,
2012-04-18,,11.075,20.76875,12.4916666666667,0.644565217391304,2.175,1,,,,,,,,,1,,1,,,,,,,347,3987,4334,
2012-04-19,,8.75625,16.8375,10.7083333333333,4.13921568627451,1.3,1,1,,,,,1,,,1,,1,,,,,,,845,5641,6486,
2012-04-20,,7.85333333333333,21.7066666666667,11.9636363636364,0.0322222222222222,2.4,1,1,,,,,,,,1,,,,,1,,,,1341,5861,7202,
2012-04-21,,10.45625,24.20625,14.5916666666667,0.332954545454545,4.2,1,,,,,,,,,1,,1,,,,,,,2540,4000,6540,
2012-04-22,,8.84,21.4933333333333,9.33636363636364,7.82626262626262,5.75,1,,1,,,,,,,1,,1,,,,,,,120,880,1000,
2012-04-23,,4.0875,10.8133333333333,4.56666666666667,28.8415841584158,5.225,1,,,,,,,,,1,1,1,,,,,,,194,2964,3158,
2012-04-24,,3.50625,11.66875,6.48333333333333,1.26170212765957,3.35,,,,,,,,,,,,,,,,,,,515,5049,5564,
2012-04-25,,3.11875,17.95625,6.94166666666667,0.0415730337078652,2.225,,,,,,,,,,,,,,,,,,,655,5482,6137,
2012-04-26,,7.31875,19.54375,13.15,0.693548387096774,2.925,1,,,,,,,,,1,1,1,,,,,,,475,4514,4989,
2012-04-27,,8.48125,17.94375,10.0083333333333,2.02,5.575,,,,,,,,,,,,,,,,,,,1013,5168,6181,
2012-04-28,,4.02666666666667,14.96,8.38181818181818,0.447126436781609,1.6,1,,,,,,,,,1,1,1,,,,,,,1120,3056,4176,
2012-04-29,,4.60625,16.28125,9.025,5.228125,1.9,1,,,,,,,,,1,1,1,,,,,,,2230,4013,6243,
2012-04-30,,6.88125,18.46875,10.0916666666667,0.0219512195121951,3.3,1,,1,,,,,,,,,,,,,,,,667,4861,5528,
2012-05-01,,11.2266666666667,22.6266666666667,17.5272727272727,2.892,2.55,1,,1,,,,,,,1,,1,,,,,,,653,5040,5693,
2012-05-02,,15.0266666666667,25.94,16.6181818181818,1.67395833333333,2.9,1,,1,,,,1,,,1,,1,,,,,,,667,5435,6102,
2012-05-03,,12.52,24.9333333333333,14.3454545454545,0.310588235294118,2.7,1,,1,,,,,,,1,1,1,,,,,,,764,5594,6358,
2012-05-04,,14.3066666666667,27.8533333333333,18.5363636363636,2.74090909090909,1.825,1,1,1,,,,1,,,1,,1,,,,,,,1069,5145,6214,
2012-05-05,,16.2666666666667,27.4066666666667,18.8454545454545,2.44597701149425,3.125,1,,1,,,,1,,,1,1,1,,,,,,,2498,4324,6822,
2012-05-06,,15.2933333333333,24.5133333333333,16.5363636363636,0.570114942528736,2.675,1,,,,,,,,,1,1,,,,,,,,2138,4152,6290,
2012-05-07,,12.8866666666667,21.38,14.8090909090909,0.0732558139534884,4.05,,,,,,,1,,,,,1,,,,,,,1007,5202,6209,
2012-05-08,,14.3533333333333,21.56,16.6636363636364,0.4125,4.45,1,,,,,,,,,1,,1,,,,,,,737,4952,5689,
2012-05-09,,15.1866666666667,22.4133333333333,17.7272727272727,6.21530612244898,2.875,1,,,,,,1,,1,1,,1,,,,,,,620,4054,4674,
2012-05-10,,10.8933333333333,21.48,12.5727272727273,7.86344086021505,4.975,1,,,,,,,,,1,,1,,,,,,,1027,5473,6500,
2012-05-11,,7.11333333333333,20.3333333333333,12.4272727272727,0.0873563218390805,3.5,,,,,,,,,,,,,,,,,,,1317,5626,6943,
2012-05-12,,8.63333333333333,23.52,14.7545454545455,0,1.8,,,,,,,1,,,,,,,,,,,,2623,4711,7334,
2012-05-13,,11.5933333333333,26.16,17.8727272727273,0,3.25,,,,,,,,,,,,,,,,,,,2171,3893,6064,
2012-05-14,,15.9,24.74,16.4818181818182,2.37471264367816,3.2,1,,,,,,,,,1,,1,,,,,,,341,2478,2819,
